{"events":{"ms-vscode-remote.remote-wsl-recommender/query-expfeature":{"abexp.queriedfeature":{"classification":"SystemMetaData","purpose":"FeatureInsight"}},"ms-vscode-remote.remote-wsl-recommender/recommendation":{"kind":{"classification":"SystemMetaData","purpose":"FeatureInsight"},"outcome":{"classification":"SystemMetaData","purpose":"FeatureInsight"}},"ms-vscode-remote.remote-wsl-recommender/command":{"kind":{"classification":"SystemMetaData","purpose":"FeatureInsight"}}},"commonProperties":{}}